{
	"talks": [
		{
			"type" : "",
			"description": "",
			"tags": ["",""],
			"title": ""
		},
		{
			"type" : "",
			"description": "",
			"tags": ["",""],
			"title": ""
		},
		{
			"type" : "",
			"description": "",
			"tags": ["",""],
			"title": ""
		},
		{
			"type" : "",
			"description": "",
			"tags": ["",""],
			"title": ""
		},
		{
			"type" : "",
			"description": "",
			"tags": ["",""],
			"title": ""
		},
		{
			"type" : "",
			"description": "",
			"tags": ["",""],
			"title": ""
		}		
	]
}